TILE;MASTER
T32SMJ;20210622
T32SNJ;20210622
T32TLP;20210814
T32TLQ;20210817
T32TLR;20210817
T32TLS;20210812
T32TMK;20210622
T32TML;20210526
T32TMP;20210814
T32TMQ;20210710
T32TMR;20210814
T32TMS;20210814
T32TNK;20210622
T32TNL;20210622
T32TNN;20210712
T32TNP;20210707
T32TNQ;20210710
T32TNR;20210814
T32TNS;20210814
T32TPN;20210712
T32TPM;20210702
T32TPP;20210707
T32TPQ;20210707
T32TPR;20210811
T32TPS;20211010
T32TPT;20211010
T32TQM;20210729
T32TQN;20210729
T32TQP;20210707
T32TQQ;20210707
T32TQR;20210811
T32TQS;20210910
T32TQT;20211010
T33STA;20210614
T33STB;20210731
T33STC;20210729
T33STV;20210402
T33SUB;20210731
T33SUC;20210731
T33SVA;20210731
T33SVB;20210731
T33SVC;20210731
T33SWA;20210731
T33SWB;20210731
T33SWC;20210713
T33SWD;20210713
T33SXC;20210713
T33SXD;20210713
T33TUF;20210729
T33TUG;20210729
T33TUH;20210729
T33TUJ;20210729
T33TUL;20210617
T33TUM;20210617
T33TVE;20210731
T33TVF;20210731
T33TVG;20210706
T33TVH;20210729
T33TVL;20210629
T33TWE;20210701
T33TWF;20210706
T33TWG;20210706
T33TXE;20210713
T33TXF;20210713
T33TYE;20210713
T33TYF;20210713
T32UPC;20180507
